<?xml version="1.0" encoding="utf-8" standalone="yes"?>
<channel>
	<id>italiafilm</id>
	<name>Italia-Film.co</name>

	<active>true</active>
	<adult>false</adult>
	<language>it</language>

	<fanart></fanart>
	<thumbnail>https://raw.githubusercontent.com/Zanzibar82/images/master/posters/italiafilm.png</thumbnail>
	<bannermenu>https://raw.githubusercontent.com/Zanzibar82/images/master/posters/italiafilm.png</bannermenu>

	<update_url>https://raw.githubusercontent.com/streamondemand/plugin.video.streamondemand/master/channels/</update_url>
	<version>1</version>
	<date>16/06/2016</date>
	<changes>update</changes>

	<categories>
        <category>movie</category>
		<category>serie</category>
		<category>anime</category>
		<category>top channels</category>
	</categories>

	<settings>
		<id>include_in_global_search</id>
		<type>bool</type>
		<label>Incluir en busqueda global</label>
		<default>false</default>
		<enabled>true</enabled>
		<visible>true</visible>
	</settings>
</channel>
