<?xml version="1.0" encoding="UTF-8" standalone="yes"?>
<addon id="plugin.video.carlosstream" name="Carlos Stream" version="2.0.0" provider-name="Carlos Henrique">
  <requires>
    <import addon="xbmc.python" version="2.1.0"/>
  </requires>
  <extension point="xbmc.python.pluginsource" library="defaut.py">
    <provides>video</provides>
  </extension>
  <extension point="xbmc.addon.metadata">
    <language>en</language>
    <platform>all</platform>
    <summary lang="en">Lista de canais Brasileiros By Carlos</summary>
    <description lang="en">Assista a vários canais transmitidos pela internet</description>
	<platform>all</platform>
  </extension>
</addon>
